glm_RTecho2	kalm_RTecho2	glm_RTcombinedTSNR	kalm_RTcombinedTSNR	glm_RTcombinedT2STAR	kalm_RTcombinedT2STAR	glm_RTcombinedTE	kalm_RTcombinedTE	glm_RTcombinedRTt2star	kalm_RTcombinedRTt2star	glm_RTt2starFIT	kalm_RTt2starFIT	glm_RTs0FIT	kalm_RTs0FIT
0	0	0	0	0	0	0	0	0	0	0	0	0	0
-0.858430981320206	-0.54201633480003	-0.73151649444783	-0.661310793042796	-0.747932773099887	-0.708740340359855	-0.747089974215466	-0.729041869231548	-0.730407683668686	-0.72958359765368	-0.851865886966825	-0.72958359765368	-1.45033949003754	-0.69945685079288
-0.30903326822821	-0.505642369381619	-0.331436299392311	-0.391802060230385	-0.374783260535033	-0.382281611697879	-0.360823531152956	-0.370916935095387	-0.315471988858866	-0.34168281353403	-0.228285400388243	-0.34168281353403	12.376455862708	1.10193327597842
1.42576931476694	1.63394200116106	1.63564774150992	1.61440370081348	1.63990927927688	1.62646523832144	1.666806930113	1.6469874845388	1.66321317307078	1.65536703766037	2.02830916870437	1.65536703766037	9.23397817565587	3.68050732160217
2.00867780544677	3.01360714774773	2.62688032515344	2.70280925927656	2.59104464490557	2.63537458225103	2.51167959561665	2.57027287657389	2.68375068038536	2.62963472553102	1.5432243827986	2.62963472553102	20.9657016073659	7.02441187513886
-0.387280756208464	4.66071496661989	-0.483147076329607	1.04536616178957	-0.459639094760964	0.176877447889488	-0.404481471105962	-0.137628530147714	-0.543971501746344	-0.345129115483697	0.0632932613089856	-0.345129115483697	-4.26959505568005	-1.18931222866603
-2.90443494579648	-2.86867260935241	-2.65351674060016	-2.69191730746451	-2.72612881723575	-2.70746035913739	-2.79000228389027	-2.75090046410577	-2.65090715088097	-2.69946343532733	-3.56502350551918	-2.69946343532733	4.68733667277012	-1.788259571344
-4.10831718565973	-3.8435525908431	-4.09803316201934	-3.92462227853603	-4.13783606675401	-4.03583669054743	-4.08747295632722	-4.0634186791396	-4.10754074099423	-4.0870207237639	-3.15747655894999	-4.0870207237639	-18.2276176230182	-8.08801384953642
0.0687913627225303	-2.80857344390566	-0.031261028853745	-1.03483816086609	-0.0356357314630327	-0.478857333798455	-0.0144759997415909	-0.232009598109052	-0.0647031199833354	-0.145290635443753	0.154168773498456	-0.145290635443753	-2.60180609024271	-0.682374669275182
1.26585435656016	0.830140674802354	1.15036737250189	1.02284429634806	1.18007242139194	1.10940864279497	1.17447911965263	1.14417575240275	1.14987438162387	1.14727929411455	0.931895580956943	1.14727929411455	0.235752737919858	1.26200688712411
-0.439345637106917	0.080265289964698	-0.329325542194633	-0.178263699215535	-0.32072562441685	-0.257278952356694	-0.344967110427187	-0.303941028979909	-0.328737838676828	-0.316852625972964	-0.750082688236	-0.316852625972964	1.73654470807085	0.0214857106510262
-1.08993606565482	-0.915873913076348	-1.1256096343568	-1.037533056892	-1.16335405334462	-1.10652206505619	-1.20568821463739	-1.15932941004438	-1.08181133001354	-1.11915533342898	-1.50207703569	-1.11915533342898	12.3596732247508	1.27610638340285
3.34115450689488	3.16443495464327	3.18249018761202	3.14112034632717	3.22052525794945	3.18225703967715	3.27552753798438	3.23139638215451	3.1937900515081	3.21180352114683	4.12677819877886	3.21180352114683	-15.5293130863829	0.283070909721206
7.90401508795878	0.187818261372416	7.68528725365669	5.48848102654894	7.83823689173819	6.83793265310377	7.88653369837977	7.39782683901101	7.69480496069344	7.55243329532433	8.66098881432205	7.55243329532433	-8.07023633071083	3.98539000770656
3.28610499987153	4.04534975531508	3.15682151428783	3.44190988166326	3.22452366978641	3.31706858499033	3.19051822382537	3.24941624851369	3.14285842280531	3.19307541853463	2.43081606216163	3.19307541853463	7.96305924842466	4.4561059561075
-1.53086980819161	0.61729385516118	-1.6500658470588	-0.80629747789658	-1.65182361941787	-1.27227993386827	-1.68608803908933	-1.49071924825244	-1.65076206492822	-1.57442879974747	-2.10327270837961	-1.57442879974747	-0.567355680102056	-1.34111467577964
-2.95642271464749	-2.7283060278794	-3.07379949567156	-2.90607000847108	-3.07975491010234	-2.99768535683874	-3.02926374131478	-3.01378400461821	-3.0946806133494	-3.05583786364749	-2.23861729168214	-3.05583786364749	-1.35389874175333	-2.55828741072016
0.796580611110065	-0.427128173438496	0.754981206307244	0.313547514469043	0.772578555098913	0.566553931949075	0.806498337039743	0.693353062920462	0.720648251489037	0.707574061857777	1.08350305770741	0.707574061857777	4.07250182696074	1.55363364299408
3.25672032882512	3.02523192619139	3.08774616890438	3.02335344247907	3.14522350058694	3.0861640375326	3.20957404723375	3.15065256607848	3.07450081673451	3.11036164212564	4.04872234422439	3.11036164212564	-9.18568592819118	-0.0771678133485154
2.79061040922322	2.03378680666378	2.85455350512515	2.51639342841494	2.87253763349362	2.70936834411449	2.8446319344194	2.78030584400575	2.86900714584097	2.82646016519946	2.62573439910805	2.82646016519946	5.08284944805115	3.33155175618775
1.13701257035702	2.1736291806476	0.995433706679171	1.41210683059461	1.02035630804501	1.1937442755827	1.06255441283262	1.12410934124109	0.996178581076456	1.05698044077325	1.67625354873839	1.05698044077325	-5.4126056748492	-0.616252291514002
1.28174870053636	0.705492681961725	1.10496482050378	0.944787794084178	1.17032400181966	1.0679909882507	1.23699077092967	1.15710935078907	1.07916566052367	1.11614156862271	2.10254196928915	1.11614156862271	-21.8370207375303	-4.34379530435224
2.05684712475467	-0.140669288114038	1.86352676254626	1.11643958016605	1.92055829489183	1.55979213861653	1.96281449419611	1.77261795020052	1.88554673657253	1.83157590612831	2.85927767064822	1.83157590612831	-5.23723838193734	0.242337097097525
0.26254579803447	0.294970576354562	0.192429847527857	0.227363085727363	0.205260718544554	0.214853168565596	0.187785878871444	0.200492939727055	0.201467877377942	0.200979104160698	-0.167649753056764	0.200979104160698	0.230332529530797	0.220513727929119
0.727297922046992	0.640188217565264	0.723388643685662	0.685010588123957	0.738792809218219	0.713900391449744	0.739257940418	0.727160621122467	0.749281316988004	0.738662735472644	0.930989838893801	0.738662735472644	3.01781028185333	1.3345190173215
2.09763174934806	2.11845095166206	2.13659904828701	2.10522674882134	2.15823219885557	2.13187452735465	2.13556866624093	2.13339897083585	2.1475102753492	2.14054317175508	2.24128354405939	2.14054317175508	3.55511266845262	2.6129335454447
-0.504751885098466	0.643074881866017	-0.487457249160047	-0.072111264722213	-0.472264545546063	-0.293340493488076	-0.447894237266915	-0.375039105127882	-0.499426266738102	-0.440150806722585	-0.284233897869504	-0.440150806722585	-6.32773234103933	-1.88601925987199
-2.64811929532067	-2.74016194476541	-2.70947288758698	-2.68711029084403	-2.70746752523113	-2.69487455983145	-2.68151764473198	-2.68730820898021	-2.70506748584572	-2.69634060015184	-2.14740335496561	-2.69634060015184	-0.723504642207678	-2.31691497917088
-0.641687883400859	-1.39878679393191	-0.651002991614067	-0.914743750664339	-0.636141011449672	-0.759511140963297	-0.538574524759199	-0.642460496319271	-0.670906058771364	-0.657290368273481	0.768269869278018	-0.657290368273481	-21.965870836866	-1.5915116735421
0.126880417569174	-0.393786996068887	0.216836589869988	0.00962087501130536	0.180083523545138	0.105260365616356	0.137283818903418	0.122274326291407	0.239699359349235	0.183776542755245	-0.377293533115845	0.183776542755245	13.8786041189737	3.36370158086616
-2.73179172875105	-0.790503414931574	-2.76214549791319	-2.01799544505448	-2.79377251037277	-2.44506995575073	-2.77845518757125	-2.62120146550866	-2.74824356908902	-2.68745476369866	-2.57925781162879	-2.68745476369866	0.705677410997158	-2.16320758514479
0.414011961348135	-0.52207711523606	0.317506540578092	0.0104673536151444	0.366797545737677	0.20772924878448	0.406959482311222	0.313170896610734	0.308975920427969	0.310944553912316	0.955088723513571	0.310944553912316	-16.590719238572	-3.52865501278219
3.29007538217854	1.17083994733543	3.30153362330647	2.49477676005318	3.33045431874311	2.95469536779344	3.36753874331425	3.17277833941053	3.34413933747683	3.26217778358465	4.17684189908439	3.26217778358465	4.35706547994845	3.88804381601172
5.7585048638602	5.89496586201573	5.86928119411428	5.80364457689793	5.89693924217752	5.84806083782552	5.89579278281797	5.8724512600858	5.94724666294684	5.91129408703286	6.36924231473262	5.91129408703286	10.6150536179027	7.48800464869187
4.94935531609597	6.69396729410533	4.84924788556496	5.45895807041924	4.92077530244986	5.15445305642526	4.95534198263307	5.0482386168892	4.85902737609474	4.94912752677931	5.37248329959029	4.94912752677931	8.62824784220023	6.1259848141738
4.76250127960992	6.0076899134763	4.82407704841771	5.19194821661743	4.88664203709353	5.01640317395404	4.9134182756882	4.96103232102224	4.8416443699659	4.89840176028688	5.28855978561316	4.89840176028688	-12.7480582507744	0.839606267450586
4.29835986162461	3.56946149500391	4.1479282190839	3.8829802003089	4.19673935389755	4.05156354535165	4.20583766256333	4.13252698732133	4.18075399730609	4.15754155819404	4.67112220845256	4.15754155819404	-5.25413608617042	1.99285996707156
5.01654023637513	4.54423551013358	4.96790380547834	4.74639569582954	5.02237165501158	4.89276405851942	5.07250406485901	4.98693204862407	4.99848955107808	4.99274702305767	6.09210508604838	4.99274702305767	-14.5904913176696	0.322911722725913
6.53717752681551	0.214252741120184	6.29893337095853	4.52811242543738	6.36891245886438	5.59006256220378	6.36910199927253	6.00752354089595	6.32210066365057	6.17162386044335	6.66604099154196	6.17162386044335	2.35166308079931	5.20458843449189
5.39300125788786	6.07142021781331	5.54501934460239	5.65955870747805	5.5753451297892	5.60543367918714	5.59110195482564	5.59685015587279	5.58054569741823	5.58817246499801	5.93109895267134	5.58817246499801	-8.47541213511824	1.91332977922181
2.58881844995457	2.68403713948367	2.40545753279735	2.47397776789581	2.47368596025645	2.47054666399482	2.57480499305175	2.52524465567231	2.38189399120048	2.45027798160855	3.92114688122821	2.45027798160855	-13.7683332755792	-1.66185934388794
4.32479256272535	2.54514148772875	4.32280835087241	3.6125137604153	4.38297700920921	4.03359536222301	4.44385958024204	4.24980194357117	4.33632132652392	4.29482559036876	5.46525319861701	4.29482559036876	-2.59954428200888	2.48074740454767
3.55631035007356	3.62683233003339	3.60783034094415	3.56416158525291	3.63585873469224	3.59902882775588	3.64112393181465	3.6205866363635	3.65962971309106	3.64085118276986	3.93871125656937	3.64085118276986	-4.10369478627811	1.59652095546068
1.01578413845238	1.39080438152884	0.855056004311699	1.03912390371583	0.901181665456996	0.961493965748045	0.924369848352211	0.9416675092036	0.840872895308789	0.888992805637209	0.802615356230136	0.888992805637209	-10.9021468519759	-2.11879087445078
-2.3965422683886	-2.61859394385181	-2.54150056958524	-2.53300188077739	-2.51448677785419	-2.51935110975124	-2.49736289728962	-2.50722611324178	-2.56347495304057	-2.53653374668061	-2.52785942711596	-2.53653374668061	3.3195464193367	-0.969280234743589
-1.6643272490794	-1.61611000279896	-1.68195871876042	-1.63332629787595	-1.6905023102615	-1.66270265870753	-1.65172978009014	-1.65658212188449	-1.6970260301007	-1.67766143042443	-1.02886382780095	-1.67766143042443	-7.35977353604104	-3.08853464713318
-0.567072407960857	-1.65593641922553	-0.843431582083671	-1.12919420642423	-0.837699800316606	-0.966583033651621	-0.839151195267138	-0.898984861844616	-0.853814011639431	-0.875389266540681	-1.0757276473659	-0.875389266540681	-6.87855635551843	-2.39504578189792
3.78168020608775	1.82569448327283	3.66933975305188	2.93857959560844	3.69726026117021	3.35375986185464	3.65518204757068	3.51263217511982	3.73033423275562	3.62619554362448	3.2933488365977	3.62619554362448	1.6819148815789	2.98253760085465
1.57592320412405	2.3575304224942	1.48917563015259	1.78593362921524	1.47593660482527	1.61219937105568	1.3659498697102	1.48161797922379	1.48792028885829	1.48489352207013	-0.494712718241391	1.48489352207013	8.19845455696403	3.1680894473064
-0.585247831087076	0.837109429961937	-0.674289351904636	-0.109845909636377	-0.683507846478293	-0.426689938675705	-0.72573447974273	-0.584814465256972	-0.675145450055232	-0.631947154208286	-1.42310415730085	-0.631947154208286	-7.96602365962107	-2.5015770438181
-2.87751529030736	-3.11891872756351	-2.92357138820569	-2.95149916955097	-2.93541339671023	-2.9385017942304	-2.94733558658476	-2.94258905340502	-2.95234096619115	-2.94764830267438	-3.5400035719231	-2.94764830267438	3.54980729531829	-1.12656977553417
1.15443340867568	0.3975578098178	0.879271110125278	0.689278229616027	0.924370780986711	0.818216595760673	0.960506324509597	0.893322939588715	0.940808388830675	0.918092402230702	1.54867133746277	0.918092402230702	-4.7225608832866	-0.588346290120758
3.56902663207848	2.38604717630588	3.34714211137651	2.94445426185366	3.37569467330648	3.17868505017249	3.37866601864688	3.2838589366969	3.39232194446225	3.34042724175631	3.50008418831855	3.34042724175631	-1.59870217388529	1.89212287581196
7.32210086502679	1.2554282924656	7.23946466277204	5.46363376919011	7.33862610854653	6.54311222051886	7.31988943796587	6.95931147918294	7.29255475641248	7.13311252401606	7.32897575124437	7.13311252401606	2.02009139059535	5.22371150017622
5.03420587479413	5.77032573689237	5.15330326808191	5.29953981405742	5.20028868053494	5.23692491484202	5.17128576302681	5.20126250536454	5.13854157748576	5.16855042272087	4.81591950517218	5.16855042272087	7.51015326338673	5.37322897012791
2.91887992040552	4.29626815912443	2.87699034767701	3.35479288887685	2.89994957696929	3.09876830860259	2.9412268613404	3.01485725788898	2.87662267129215	2.94274800513082	3.68718802390184	2.94274800513082	-6.93523068453851	0.0741290704562669
2.713091965623	2.00449028693895	2.80133511735163	2.46393147283216	2.81411115535596	2.65367136469743	2.86040448335486	2.76256691220893	2.81536011230296	2.7901031415969	3.85873002344278	2.7901031415969	13.4861872440428	5.42727720336808
4.11708450735195	5.19492689064381	4.27299765721339	4.5457860710769	4.30204209210148	4.40460809503056	4.36650412557668	4.38360898310598	4.25280153919002	4.31533610632215	5.23321839789318	4.31533610632215	-15.4703505242747	-1.12907180478387
7.79624654709729	-0.749141985476282	7.98868358549755	5.32564813586277	8.03305649795358	6.87776967762127	8.00791404140599	7.48252213146669	8.02310911087079	7.76463384852971	8.26401941941356	7.76463384852971	-3.78459397506275	3.99144740817148
2.82198756497097	3.66646167367077	2.80102877058972	3.07511104796288	2.84586478119621	2.94399897521239	2.88655337780017	2.91307570887927	2.784633898558	2.84610870100836	3.8238356625374	2.84610870100836	-14.4517416935831	-1.97353064342751
6.37990316883397	-1.30944255126324	6.33413996646823	3.99358465130325	6.39505738711858	5.36884277281518	6.38080610221673	5.91018078330428	6.34001768115066	6.13450136974959	6.52885290326912	6.13450136974959	15.2988082534296	8.10976587836648
10.4884734941096	5.3808500806822	10.2618230274227	8.8591842434559	10.4116325565866	9.75934372483558	10.418829747939	10.1140864276305	10.30514986714	10.2134205659047	11.0193812372906	10.2134205659047	-2.94552549164153	5.42708524525226
8.576846177458	8.34978767842937	8.40499227083687	8.24418272531215	8.52070051322637	8.38362353910775	8.49038699646268	8.4387268308832	8.46495448048735	8.45244268181782	8.13715905747203	8.45244268181782	11.5228742030482	8.20588044044838
4.71334006686158	6.72813431780313	4.53287991866876	5.26955615310743	4.63583520784279	4.91173882801289	4.64543108504206	4.76999663208837	4.56491942381936	4.66304391313131	4.76100397734406	4.66304391313131	-8.44871354060553	0.451729206979606
-1.35153693993266	-0.783567792622508	-1.43955423768611	-1.17321019588047	-1.47072645118652	-1.33543352284601	-1.47880914875062	-1.41107776818163	-1.43372024273576	-1.4228872536995	-1.56210436517857	-1.4228872536995	-3.60622455360967	-1.83320929277796
-0.844135134057784	-1.35310629398861	-0.880852412178277	-1.0408544442762	-0.92140228916517	-0.973319092841747	-0.942538480203171	-0.956860217924288	-0.819858731395585	-0.885368007023005	-1.19453850499096	-0.885368007023005	9.07529397521513	1.97711031945748
-2.52858721272249	-0.998786130482452	-2.46070105737179	-1.87924534651841	-2.50574807293699	-2.2216752272085	-2.43712073839561	-2.33532287552175	-2.48265485096798	-2.41217624139947	-1.61137568434735	-2.41217624139947	-2.30847080554854	-2.0420422009025
-0.0303190284427545	-0.856653556816949	-0.113583556388147	-0.386485091815225	-0.14223338218001	-0.25118926137826	-0.130039643353084	-0.187034607152596	-0.0669523429114297	-0.124377470903722	0.0308705957244366	-0.124377470903722	17.1762956302613	4.63513504399391
-1.306601267125	0.953748137398746	-1.52121681812577	-0.58126719267886	-1.54078209741906	-1.10942792751928	-1.54974301379842	-1.34225087479649	-1.49437864939002	-1.42162205169405	-1.70503736805542	-1.42162205169405	-5.11299987333974	-2.25306066181801
-1.3877247183387	-1.91422610258337	-1.45391066734642	-1.59999533100345	-1.46245237968154	-1.52157840857951	-1.42033315411293	-1.46774646704969	-1.45995147984694	-1.46366473023174	-0.844867734092479	-1.46366473023174	-8.46512093655696	-3.19937276399512
1.51767706010043	-0.216553242008102	1.31222395027617	0.725379707157192	1.29492464155409	1.03826280456351	1.2614737007365	1.15621707390288	1.34207242183347	1.25318802228521	0.772689999701302	1.25318802228521	5.50375091100135	2.26030064530484
-1.0658605864396	0.15833443653461	-1.04481242174157	-0.582745155692342	-1.05541954546898	-0.842438913990596	-1.02678834380993	-0.939863908029704	-1.083878480408	-1.01499888127312	-0.452496926421336	-1.01499888127312	5.48269879649924	0.904356322496413
2.89098741834746	2.44288893087332	2.84722699755736	2.65078098711099	2.88663003927595	2.77657896383069	2.93005170606588	2.857341747571	2.8549443212804	2.8560656273175	3.79258545067479	2.8560656273175	-9.96607155473986	-1.02551919841147
6.42437579649265	4.1793686093466	6.39671813534718	5.4700292535732	6.47547716553776	6.01547981920744	6.44713803075427	6.24297871383231	6.40124182698069	6.3255041700651	6.25545649010527	6.3255041700651	5.80011403643966	5.3340719217011
6.31826200022958	6.69628211207259	6.32881085018815	6.35843093234948	6.3941502251669	6.36771874255905	6.37672818442805	6.37149130292175	6.31785899365028	6.34344726869695	6.20201516749164	6.34344726869695	-6.57833439830533	1.86738336814447
3.08693528420966	2.97085046136087	3.25273665140238	3.09374899984681	3.21733909126931	3.15684618088552	3.14854216304736	3.15197477278734	3.25410850261914	3.20524186780272	1.95456148392223	3.20524186780272	20.6153572725591	7.57962297277997
2.53152604041708	4.90787087364477	2.42026955353496	3.29970932655154	2.44300268304347	2.82199900314916	2.48674882337242	2.64411818874555	2.40993760697069	2.52191233647982	3.34243889976479	2.52191233647982	2.10460049263653	2.10753964748075
4.61392104571632	4.17563946259481	4.81918344666536	4.5012472530896	4.7883181725808	4.65242493648101	4.74633005905119	4.70149059967101	4.81919287447486	4.76288090735791	4.41806743709786	4.76288090735791	2.74235391106969	3.62813076129677
7.25979786246773	6.68154115243096	7.35128171560903	6.97889564196123	7.38061377368812	7.18921574960246	7.3268893209616	7.26118368215851	7.37579034969831	7.3209972217582	7.43048991752997	7.3209972217582	5.26486805491271	5.78411584433669
5.63549690194985	6.39716548887167	5.71570888371058	5.87083796188629	5.74771624219728	5.79351352638707	5.69713993430784	5.7417744791193	5.70859394613987	5.72452512450979	5.88352976713887	5.72452512450979	-0.667421665077038	3.16671174969302
4.87737229081685	4.78328212390035	4.76143826896079	4.68844881711203	4.81227928565856	4.74918862452238	4.81652480699398	4.78426762161763	4.76102969939084	4.77218917537824	4.93713764636257	4.77218917537824	-6.60327526937832	0.95794116886278
4.24733152384478	3.42981220831702	4.40076497825507	3.96580541751773	4.40437527818906	4.20125104431707	4.35342022095973	4.28134684282107	4.38562448401903	4.33576252163142	4.40910265877238	4.33576252163142	10.0593528380677	5.32595737760556
2.58597023184474	4.02727643886289	2.41503673245419	2.97109438184002	2.45170239713175	2.67993060498317	2.48375406340344	2.5757263908453	2.46455742085806	2.51778689009379	2.89052933243244	2.51778689009379	1.39120414444242	1.86385995452947
1.34739451903624	1.72633940139211	1.14299918798627	1.33961212361498	1.14225359809825	1.22863797432312	1.07697521991121	1.14817570155243	1.16195379777141	1.15537034020907	0.232369335996459	1.15537034020907	6.99231211690071	2.61054899026769
-2.65576906678777	-0.831183783170903	-2.76923084224022	-2.00329155731827	-2.75338811601545	-2.41367218984602	-2.7336134324696	-2.58281583412353	-2.81350961246687	-2.70311965247789	-2.69000409520893	-2.70311965247789	-11.5343569759998	-4.77287834539672
0.391659500806325	-1.66889792569818	0.408843392495909	-0.367896112036207	0.386549439254691	0.0487268562464004	0.338543816179245	0.202194220170039	0.444040491351378	0.328288137458273	-0.146055756380869	0.328288137458273	12.1201234032548	3.53203204927401
-0.56169545212034	1.03883238429267	-0.497114153911223	0.0801151388622523	-0.507310869516807	-0.243975249348528	-0.523652368527089	-0.392047005279525	-0.498785647637817	-0.44770421843461	-1.26691418750662	-0.44770421843461	15.8335063744334	4.06411844156306
-0.844531680559737	1.04950807942327	-0.966276239233286	-0.203795115208663	-0.971879333802442	-0.627112987034977	-0.989497599420962	-0.818930428491945	-0.930484277723919	-0.877106863696715	-1.30184187035695	-0.877106863696715	-1.6596331501239	-0.981818794841289
-1.17426456234973	-1.24327820850693	-1.28083645012018	-1.24520712449438	-1.31984298692074	-1.28438554069923	-1.34617894637748	-1.31693656536585	-1.27883544537537	-1.29707453296005	-2.28287781990967	-1.29707453296005	6.27163908048753	0.946518368831859
-0.962463089555689	-0.304583477312696	-1.12325043273822	-0.800898940297778	-1.14038226931715	-0.986821124515975	-1.18025989251431	-1.0890981629308	-1.08706203918706	-1.08803855930749	-1.78131976631754	-1.08803855930749	7.72339948606928	1.47172638198906
-2.47236081937471	-1.17081681653383	-2.5984663459584	-2.02482764523001	-2.63506224529137	-2.3580064181437	-2.65383237988519	-2.51426882721535	-2.61605813414979	-2.56736419377261	-3.111706741987	-2.56736419377261	5.99788288341811	0.136107515750682
-1.10492880814736	-0.736097564932382	-0.94428968135514	-0.851026530933786	-0.971110444497104	-0.91586522659442	-0.947085666513405	-0.93226299615297	-0.932601253164279	-0.932439654128419	-0.529586757279681	-0.932439654128419	-1.53629797881517	-0.972602641691629
3.37153863995683	2.01827269263698	3.16714828400542	2.68753167547603	3.17335952676152	2.95109637720077	3.19649075489748	3.08058596221235	3.20323881646731	3.14456413764947	3.720651345846	3.14456413764947	3.52431858027331	2.82205839096813
7.23337133484009	6.31966949351064	7.19281680185435	6.74506474383392	7.22390691951832	6.99818377231268	7.17391263108445	7.09028402363914	7.27032511920802	7.18423619669759	7.03384574296607	7.18423619669759	17.7081514030184	9.12692378747462
3.56110035633747	6.27789786944211	3.33935363603643	4.37089309906048	3.34667745711658	3.79910112825954	3.30625375252386	3.53765166892932	3.36587859139569	3.44813652298408	3.11624902369992	3.44813652298408	7.80466854419132	4.19317514837985
4.74662582793264	5.11319590558436	4.97522881188061	4.9412753252412	4.95022341651562	4.93838528324999	4.85112020969579	4.89159206110686	5.02009358086518	4.95866757256936	3.35067859707127	4.95866757256936	15.7302993320974	7.28966348516818
4.23094138435841	6.01031640897375	4.13655533293024	4.7602684296665	4.18641052608314	4.4362682767538	4.2103369522315	4.31609912771119	4.12609490958978	4.21713204204122	4.68278565340311	4.21713204204122	-3.88303771456771	1.45712650988481
8.06154165370239	0.966807108352324	7.96505120756114	5.82856355732838	8.03752603136907	7.09514624191997	8.00464747577891	7.58311165612933	8.0278476646057	7.81512293648942	8.20691989431212	7.81512293648942	15.2872074652028	8.84601942530732
4.93881687334051	7.15092698426505	5.10613957437413	5.77647693884318	5.14010865968167	5.41637532142828	5.07074473540052	5.23272909691403	5.10839203735306	5.16805879002953	4.74498301546159	5.16805879002953	13.5919197526745	6.82256398966848
0.236159886295171	2.95142079430573	0.45002008784123	1.368596049672	0.405130221764557	0.835008582549937	0.397487678509022	0.603177488531598	0.431246481595354	0.513588052565298	0.456063045402596	0.513588052565298	-1.87461164674323	-0.208510340561441
1.72827478959417	1.15598002023556	2.13325679503876	1.73529546083777	2.07407250133242	1.91944860432416	1.99177851318326	1.95755776330913	2.13367237053431	2.04938711107861	0.980002636190027	2.04938711107861	17.0827817213004	5.91183946245715
2.67947915699622	4.33548013191519	2.69480906973584	3.25669978091161	2.72304082269373	2.95724488446736	2.76138572613003	2.85319389743167	2.71464280303703	2.78105100600433	3.2408410758472	2.78105100600433	3.18589918550576	2.56206169469044
3.33080574079949	3.44068270889731	3.11768407446006	3.18495313491841	3.15573113954711	3.16390407156686	3.17331402280457	3.16855847813869	3.10077013464991	3.13329818907373	3.33052846668715	3.13329818907373	5.3512009560997	3.36865114765192
2.68198064855321	3.30215265200825	2.91675449254129	3.01044564437975	2.94308372948743	2.96862103493383	2.90952852124634	2.93701309011226	2.93008851160941	2.9334699526964	2.14892727303917	2.9334699526964	16.5326335479618	6.30398445182179
2.21515241185507	4.16074797737639	2.2224752148897	2.90231404347375	2.24187495257534	2.53346050906314	2.21260108298347	2.36324268391402	2.22342468772845	2.29042457934056	2.23412528111959	2.29042457934056	16.4946875456084	5.89402860901207
-3.11714654322249	0.148276779006981	-3.1267412602171	-1.8634170916634	-3.15675524922141	-2.57415519831157	-3.18323453738611	-2.89648245400651	-3.17472266184661	-3.04155835015925	-3.69697105802653	-3.04155835015925	-9.10516246524979	-4.36005905839488
-4.14128678512489	-4.75486947925635	-4.17269470453237	-4.31804117409441	-4.22255281892612	-4.25865348900036	-4.18549343302356	-4.21945322067124	-4.26842167501583	-4.24509559223594	-3.79627563692129	-4.24509559223594	-11.5244904594497	-5.74493142752142
-3.0279595249962	-4.51767222612551	-3.13463516107298	-3.59372766362201	-3.15772830827454	-3.34761372463507	-3.09554695121926	-3.21375736871233	-3.15810284842511	-3.18487412043198	-2.5750600305657	-3.18487412043198	3.12860435296071	-1.07388007402717
-4.55980832216817	-3.70599398691423	-4.65308383583801	-4.22257339599375	-4.71997962621535	-4.49015397634547	-4.70504642927583	-4.60351505810185	-4.70286959480514	-4.65543391282466	-5.12604549233171	-4.65543391282466	-7.91646933703422	-4.94568597793924
-7.08615930942386	-7.07484461547646	-7.02439940251911	-6.92118152029807	-7.07197006008062	-6.99316820828959	-7.01231976384198	-7.00263412337677	-7.04534841312798	-7.02515817524391	-6.64680526749137	-7.02515817524391	-5.85124857469567	-5.646370534991
-5.4634815255226	-6.1993310954039	-5.76666324448507	-5.8252988418699	-5.83435209056098	-5.82065947132631	-5.82080254504087	-5.82012667711389	-5.77080417254174	-5.7946501607059	-5.70056293907353	-5.7946501607059	5.33327170885142	-1.72406199891554
-4.84512029098831	-4.14325205875268	-4.41233025316162	-4.23496317926662	-4.48304242019682	-4.36474409582214	-4.41660459511194	-4.39179896068802	-4.4555049842113	-4.42515195854827	-3.79134126935335	-4.42515195854827	-19.7363869039831	-8.01226729465329
-1.80283899464535	-4.56866797578901	-1.62835009196097	-2.69052559439449	-1.70134910387347	-2.14080705572882	-1.69109522413908	-1.90236426919246	-1.67739005912759	-1.78525524254358	-1.92408578702867	-1.78525524254358	-0.975488156943041	-1.26929161367077
1.3534704821329	0.441912377932184	1.2733147549547	0.942967607773504	1.2516735854145	1.11162996253137	1.21348917455551	1.16548785823476	1.37485281987396	1.27458534346545	0.954916518486533	1.27458534346545	8.86675445984934	3.19975328567432
0.0875515039778105	1.37444531319626	0.0206574430671202	0.522284705784497	-0.0287140895823499	0.217664508026074	-0.0642188077079548	0.0683152920306075	0.00305677385005453	0.0343248937503964	-0.896569364227011	0.0343248937503964	5.69073778548773	1.61462764734194
-2.47550203411258	-1.09671248001309	-2.4669161376986	-1.9159522230988	-2.51592392230706	-2.24356367663806	-2.51561014796493	-2.38745641526717	-2.41081568715299	-2.39970465885009	-2.52899942050888	-2.39970465885009	-3.40339903837274	-2.29124060232267
-2.34481033828497	-2.60573116510968	-2.72242302465202	-2.63142190179972	-2.78133749004975	-2.70968254744662	-2.71540606798458	-2.71245492398042	-2.76518201598627	-2.74001741436679	-2.11858334598217	-2.74001741436679	-10.0496535795443	-4.34637441546755
2.69762649256229	0.134337682005306	2.38248703595888	1.50689758419659	2.37049003515904	1.98042899280775	2.39848436867896	2.20170854458106	2.43884344794931	2.32531544168037	3.05904254385576	2.32531544168037	-5.97667097803027	-0.384579889988496
4.30339109853798	2.9004475431423	3.93442933003678	3.48258254495325	3.94823267087246	3.73356267846181	3.92541289773443	3.83485513244794	3.94050521611345	3.89002763720644	3.88045205382294	3.89002763720644	-8.58056800929211	-0.239052628018825
3.14665497745383	2.13931046159085	3.04859697811621	2.65856012810783	3.05309845272178	2.87171687340864	3.02528114100957	2.95281329217605	3.07162336337015	3.01480968392812	2.64110103060049	3.01480968392812	-0.276712768975059	1.6019200946883
1.58626071628354	1.78504773787934	1.3801695614116	1.5064025512224	1.35605296402679	1.42105829728988	1.32179910060294	1.36834306800904	1.39360539348392	1.38155228748625	1.07205964265319	1.38155228748625	13.969477265453	4.68799221992613
5.49044416530684	5.82768895926094	5.16183173667142	5.31977338450715	5.22467690071411	5.25870783122544	5.24398796595259	5.25042713266383	5.19295658634387	5.2206749545215	5.98916396641104	5.2206749545215	-0.221661177256268	2.85969795771972
4.29386791207966	4.22595046973965	4.12185905679026	4.08950172860713	4.16065415679422	4.1220934616856	4.12514270085163	4.12333897992597	4.18887345048412	4.15762830779484	3.79187625596102	4.15762830779484	3.85493156969949	3.4028422305768
4.08391869207646	4.29893334882113	3.91518014723711	3.99007395983213	3.9605710374938	3.96733346298649	3.88848394594879	3.9252158547182	3.97280955408599	3.95015809363761	3.00990478846451	3.95015809363761	20.3204187622308	7.91773307338193
-3.30045558130674	0.897816008449665	-3.15678756617345	-1.60091235476276	-3.22759883087601	-2.49523915998697	-3.2579451896885	-2.89909341598143	-3.09805038558649	-3.00284057471458	-3.51692003296919	-3.00284057471458	-0.149328411016899	-1.73437755845711
-1.74552707160446	-1.95284862693918	-1.70173596783241	-1.76572033681393	-1.74490651459083	-1.75139006830199	-1.73992242954797	-1.74515600005453	-1.68333383541364	-1.71299976286084	-1.96871270408628	-1.71299976286084	11.4083438981246	2.22353317751237
-3.34787270370785	-1.46693624853496	-3.31203499228867	-2.57185134945225	-3.38742065648043	-3.01730468500644	-3.42489458627026	-3.23292448490754	-3.2920333970084	-3.26381082527048	-4.2713393511175	-3.26381082527048	4.97010376574836	-0.431122277370519
-3.14606592029687	-2.410489935821	-3.38744469250838	-2.96689688545397	-3.4143735162827	-3.2087026534089	-3.37254557478303	-3.29518748197173	-3.31564526226067	-3.3059284938719	-2.84617046327201	-3.3059284938719	2.70156951905563	-1.07009773673927
-3.1221378279422	-2.65366397919064	-2.7463743378379	-2.66489200789424	-2.83817969385709	-2.75604586004089	-2.90331444855257	-2.83376544206019	-2.73933066153809	-2.78459601499874	-4.07041779833935	-2.78459601499874	15.8602020550831	2.90690483928833
-1.81568817140417	-0.0952986064159241	-1.88748994452637	-1.1911676231069	-1.95064513930158	-1.60787844122516	-1.96382732482937	-1.79624637358778	-1.87561486482547	-1.83765036861854	-2.01650221893812	-1.83765036861854	10.952514467594	2.05345542903759
-3.46576985670628	-1.61479411961363	-3.225911295141	-2.57407510034384	-3.30750045442049	-2.97415274452593	-3.3938010862426	-3.1960541960714	-3.20935471890903	-3.20302460378717	-4.65762045888333	-3.20302460378717	9.57830217788171	0.921051738895289
-2.55595051759167	-1.43411860798702	-2.59008793297716	-2.11761720468276	-2.67039093170613	-2.41881902531864	-2.69388428144164	-2.56419586604123	-2.60336739621074	-2.58464465248674	-3.04350795005157	-2.58464465248674	4.34437706811964	-0.197933506909737
-2.46013459045656	-1.82477936434173	-2.45295344805341	-2.17824527765736	-2.52164356750048	-2.36390708979222	-2.51847302642058	-2.44547258286334	-2.39528611528668	-2.4193146491612	-2.62853162791698	-2.4193146491612	17.3676430362092	3.54037530140414
5.14113105102212	5.10148334705738	5.04037944587522	4.97717896500244	5.02988560906634	4.99806990006666	4.92960766011192	4.96125322250088	5.09352427933417	5.03027323000106	3.84342168789405	5.03027323000106	21.3690085721239	8.81439550364036
3.21191472059348	5.8996465052186	3.20412164611563	4.1478741755504	3.16931124438029	3.60163466830179	3.06548798203822	3.31727141223105	3.30206941699517	3.30939193889422	1.67106360491634	3.30939193889422	22.6362946721894	8.19828074326355
2.13069466943768	4.87622834882779	2.07767979235676	3.07820794170922	2.06122415542677	2.51247914566322	2.03525988626916	2.25943878241147	2.05187978713169	2.15125878125015	1.71658910082594	2.15125878125015	-2.12536118513422	0.64744982953122
-0.486821679595916	-0.0821753988028047	-0.660972168085636	-0.435786723509092	-0.739066062174413	-0.602316511220748	-0.779702294658333	-0.696211685254371	-0.631897214659537	-0.662686880715111	-1.81569173152466	-0.662686880715111	5.70246410010738	1.20460789533387
0.831547075066962	1.08636689134865	0.731800619895555	0.850735819373206	0.655697270586608	0.741824151440163	0.631827906711085	0.683483690812868	0.701245957022132	0.692752557779692	-0.0154598811105821	0.692752557779692	2.86709409905027	1.19573819919888
0.557019379444907	0.886883859974609	0.653650631563376	0.729007237881191	0.591363135807534	0.651938483607464	0.599584362319692	0.624139246355978	0.679089136527281	0.652797057593111	0.755656699571912	0.652797057593111	-0.774532239539351	0.160084153561508
2.36781433060291	1.75463253124766	2.38597156199456	2.11251053628437	2.32901050721946	2.22849651886338	2.25619178350645	2.24293636084616	2.39455430767596	2.32201406047583	1.56306387269116	2.32201406047583	24.5132369237838	8.13276548624024
-0.140348191585414	3.22232391419551	0.021680904530699	1.20437985791083	-0.0407117672457464	0.515791589130655	-0.0601143506887463	0.210676001325063	0.0535774324139248	0.128765403441399	-0.249805001078423	0.128765403441399	7.06754664530532	2.02572882948593
1.45545901166638	1.86939254931722	1.56525833911469	1.65185073901108	1.56504794997882	1.6013618063851	1.56071615986629	1.57967036709079	1.54969333847918	1.56405648272494	2.01868409413255	1.56405648272494	-6.95000289022447	-0.989530678880381
1.01293554654128	0.321303027968983	0.67414180422338	0.53262607014339	0.690961205050037	0.619109753022755	0.746326603009782	0.686437519818723	0.642178857407047	0.663368541713306	1.33421408409022	0.663368541713306	-13.6389289940884	-3.34909119192454
-1.92963561016191	-2.75006462382595	-1.99488802343626	-2.24114954559416	-2.03709258170476	-2.12506609765515	-2.08946163898979	-2.10598767143094	-2.01877037388554	-2.06053198991262	-3.18900492328949	-2.06053198991262	0.894522033515115	-0.98083777223055
-1.57927774459784	-1.53185265425327	-1.52577117689386	-1.50291272216777	-1.52432547846989	-1.51235295696146	-1.47663958716564	-1.49328346844682	-1.55527050981878	-1.52562029852701	-0.815656821018542	-1.52562029852701	-7.07955500562966	-2.85556104937609
-3.04715803661302	-3.34784317996399	-3.20220931727128	-3.20307585629173	-3.23114967635491	-3.21348486213624	-3.23999085765975	-3.22719466813124	-3.2255049710885	-3.22635582200074	-3.86548973946587	-3.22635582200074	-0.859881073043223	-2.14380343960733
-1.18642101274125	-1.7250291964943	-1.37224503307238	-1.47993349229414	-1.36425431715527	-1.4137896325711	-1.32185159681631	-1.36494656798046	-1.43615235923856	-1.40208818907999	-1.10510721038857	-1.40208818907999	-6.04162133112813	-2.49425228841805
-1.68243224004154	-2.22315717939893	-1.45871646017697	-1.71719043482221	-1.48867429195983	-1.58844277472898	-1.48962111165791	-1.53593609836087	-1.45826518768513	-1.49546925956948	-1.92382418013152	-1.49546925956948	2.04934224076347	-0.315608852503359
-0.638443709495468	-0.585820957251128	-0.454796538039401	-0.495717920179441	-0.451222974545387	-0.470394968437593	-0.389101658920558	-0.427285251251782	-0.50953828054868	-0.470169406187537	0.549212983438497	-0.470169406187537	-2.76844557988232	-1.04103057208052
-0.240527802880975	-0.597482238350693	0.084251050913093	-0.169102842291611	0.0901795601696659	-0.0258256740428279	0.121655733098665	0.052303777671253	0.0537335602517351	0.0530500086055335	0.12366310189676	0.0530500086055335	-4.5080601630397	-1.21250682531925
-2.92178307653911	-2.58461098093937	-2.75405935243783	-2.64603751750519	-2.83987548027786	-2.74876689506465	-2.85710250303508	-2.80588044460095	-2.80057519489489	-2.80316271388049	-3.37808400600473	-2.80316271388049	5.74090058603856	-0.0575922202070363
-3.40614591777919	-2.45620689550958	-3.2048945064604	-2.87537860441975	-3.26951198246482	-3.08820522582426	-3.20727912602469	-3.15099057045015	-3.24217279968731	-3.19857837540113	-2.21109883361709	-3.19857837540113	-4.81511609362261	-3.19875840550943
-0.215918364190561	-1.46256707309105	-0.0239063197687619	-0.555138967240776	-0.0646794774137744	-0.283754196221647	-0.00448190467135004	-0.135778619044777	-0.0808228252810713	-0.107136370138657	0.737282217384833	-0.107136370138657	-9.72800643427045	-2.75197409312388
1.82492777930592	0.179711375401605	1.88024057290009	1.22111510984948	1.83773283027123	1.55930155173439	1.77192874785946	1.67180380840504	1.87268491503746	1.77654179657658	0.766074715990933	1.77654179657658	13.7843315617557	4.85059571792831
-0.339579879611022	1.73904866480823	-0.0983730774247529	0.581905907905901	-0.16840203158464	0.167127178418834	-0.162359757209238	-0.0074456587311092	-0.158147562770098	-0.0859958353782613	0.0282834555243889	-0.0859958353782613	-2.58133728981118	-0.762794462187921
2.06274811733914	1.16438099949827	2.26069754679246	1.81880422717784	2.25109931283059	2.05440410462067	2.25562761287879	2.16082184324745	2.26214229156225	2.21367576673531	2.35548065870826	2.21367576673531	3.08292146230986	2.15620259791657
3.84949709918316	3.63467995252747	3.9109181318546	3.74478873293007	3.9447284811421	3.84917885734174	3.97864092793339	3.91739997182726	3.89735877938692	3.90702565857467	5.06228497686362	3.90702565857467	-4.75504270566922	0.989215856296709
5.0961188762131	4.04711843367225	4.98135636910229	4.55446401142334	5.07742692513557	4.83568671607458	5.1151342930756	4.98323673804651	4.96053843688461	4.97147510192985	5.40473934554289	4.97147510192985	-7.75905218953136	0.780212514457772
2.05151204038308	1.78620863674631	2.13975434949005	1.97410798339534	2.21296968148646	2.10272780655504	2.27033373564228	2.19130034245739	2.11011858214872	2.14900451642963	3.1799357080606	2.14900451642963	-8.01381124386075	-0.943018994283433
6.12735832958228	3.99237303793566	6.18708969661596	5.2740569628129	6.25464415411612	5.80642040779244	6.22132255837855	6.0256203333182	6.16141807464417	6.09649327646108	6.13334602578778	6.09649327646108	0.863905869080232	3.80267065518886
3.15085717031491	3.80665094187208	3.25807458927502	3.40711778265056	3.26720177921744	3.32452965316287	3.26166353161398	3.29089586753494	3.25541566013059	3.27243458902717	3.20657885668657	3.27243458902717	-2.93719451846757	1.09851355247979
4.26384655049494	3.49490494199322	4.33173701397654	3.95077169636169	4.37283935272996	4.17719911709327	4.39320795508156	4.29118991868367	4.28309235681669	4.28700743117152	4.20065753397073	4.28700743117152	-8.38907399082158	0.183803169888117
0.819223561926341	0.660676884758845	0.618407105183726	0.623826683645311	0.613289305577835	0.617020388504784	0.547633160637543	0.580202912236691	0.612914637742789	0.597265314966886	-0.900508101541864	0.597265314966886	9.08094292591656	2.86059571440728
-5.77613296432107	-2.94582692990292	-5.86453490191182	-4.68685972362752	-5.92192959043724	-5.36027071489688	-5.9097397575412	-5.6507404758233	-5.8963109756788	-5.77884292026057	-6.44454681678984	-5.77884292026057	2.4840189317774	-2.63362624926434
-7.6619745395799	-6.52178712368326	-7.65302924429295	-7.10450698952891	-7.73240286852997	-7.43901620748805	-7.67738214160819	-7.56450612017768	-7.70297078133471	-7.63680487393306	-7.81357413417514	-7.63680487393306	6.01079963836044	-2.59222492338412
-9.81684500314844	-1.7199477638863	-9.88842632067992	-7.38622950085234	-9.98962723058394	-8.87691098534432	-9.88861958923378	-9.42027272092024	-9.8898003581504	-9.66517735592142	-9.4559292752637	-9.66517735592142	-2.34394345680567	-5.85669328256884
-8.25275997402709	-8.22852002053054	-8.20969841378394	-8.07319297384055	-8.33715453084034	-8.20492450250016	-8.2454023274723	-8.22563908152548	-8.26433398064579	-8.2459834532231	-7.83453351801931	-8.2459834532231	-16.0883478344326	-8.95159287806363
-4.39538894320344	-6.78997125994132	-4.45010049772736	-5.24061690658234	-4.56445236559944	-4.85917352134748	-4.52539062415261	-4.68190565212453	-4.41995441030195	-4.5454490526889	-4.17961895580697	-4.5454490526889	-4.85228291329335	-3.77394328579412
-5.89393226752956	-5.70537759502258	-6.03492922138103	-5.80638871148456	-6.11959311956548	-5.96893734644755	-6.08534749262332	-6.03007879228105	-6.0953413279105	-6.06421855741003	-5.94457209766226	-6.06421855741003	-12.2371726489699	-6.66314605485036
-5.89525592541927	-6.89721644536445	-5.91485797088072	-6.17524045824954	-5.97412075746386	-6.05382149417644	-5.9332385623333	-5.98940405880781	-5.910685806266	-5.94849991684519	-5.30770628655384	-5.94849991684519	-19.6347811906037	-8.72592214482877
-6.84800896600056	-8.41885380030669	-6.78453551330725	-7.27174231014672	-6.85723347262627	-7.03091566185329	-6.76667916778689	-6.89034269935009	-6.86659034431026	-6.87814621921374	-6.41468558217838	-6.87814621921374	-17.1003370224128	-8.477377058788
-5.1367632135162	-7.11387113683416	-5.14157226367682	-5.78330058941859	-5.19308358619455	-5.44825469174112	-5.10460489444353	-5.26574760690786	-5.17690646308245	-5.21961010455909	-4.02264114741701	-5.21961010455909	-9.55504443148656	-5.44123716375501
-2.74862966897089	-4.18044211795375	-2.72666812495668	-3.21840636030337	-2.7552470139289	-2.95774915010003	-2.67494711784909	-2.80767237648768	-2.8549719098645	-2.83240635725018	-1.60824354820151	-2.83240635725018	-16.8957700441399	-6.31232523886255
0.0748389988748105	-2.55099098387743	0.137891121688026	-0.862303116061554	0.141572090191035	-0.307741544970074	0.141728965435503	-0.069518817406007	0.110324130961097	0.0241725872851173	0.436822808499119	0.0241725872851173	-0.113023793637311	-0.0197183013023461
0.543726493160949	0.375020824312755	0.577660426017481	0.492366923296219	0.586870718001481	0.54359934776842	0.56500649527287	0.554907207037209	0.537434280749536	0.545822494584225	0.290795813487297	0.545822494584225	-6.96369997393506	-1.7055023980748
2.39543252848242	0.984872845737268	2.35389785350951	1.80478183564539	2.39049137073524	2.12442498377571	2.43194103393418	2.28724707368736	2.24563772287443	2.26563995066129	2.88509765076651	2.26563995066129	-22.7531748478658	-5.25794931051972
5.274208943689	1.55739009063245	5.63914632744117	4.02614394995681	5.60295438609492	4.88820366731492	5.521491436083	5.22353686798796	5.69690331660708	5.47030758990075	5.08309824405287	5.47030758990075	32.3419785633095	12.1258029498907
7.10939501519225	10.0215893411412	7.31020098746492	8.18897767811216	7.34075522276638	7.70785760992463	7.28000459301668	7.4806359643305	7.2906780171742	7.38195711018529	6.71690422455936	7.38195711018529	27.9362280414969	11.9641277885457
1.58152817404481	6.03287518454491	1.9363867640576	3.42125760156899	1.91108345689129	2.58319546877747	1.90359422509081	2.22281900302835	1.87047071829589	2.03935421822088	1.94041503557594	2.03935421822088	10.1126116431305	3.97773719304697
-0.524818139238056	1.25846986378228	-0.377829655457543	0.234945702735709	-0.391475832621348	-0.110744376043537	-0.328153621290095	-0.225983688907737	-0.447405247265165	-0.341330967493955	0.544505253481676	-0.341330967493955	-21.3694865272042	-0.826472203959064
-0.256297462798609	-0.513480198103547	0.266922509947766	-0.00394078244498566	0.228934268942904	0.126407891754034	0.29268004396631	0.21489895166189	0.193675563608338	0.203835698613427	1.51504261404619	0.203835698613427	-21.8936879623252	-5.95833420486702
1.67887773164022	-1.23863914903609	1.94487054770187	0.73375032710028	1.95247554358929	1.40454126594342	2.02232119848489	1.73196552655561	1.88821587706032	1.81342104212523	2.73348691320913	1.81342104212523	7.75914976563281	3.20381564835856
6.15595244842986	5.70328308865591	6.28410466697147	5.96250285264779	6.34366541474249	6.16295955660688	6.366759654114	6.27066022732097	6.20830657908912	6.23837336414234	6.9709669696681	6.23837336414234	-4.52713875760136	2.33497657631077
5.04415523814516	4.55325730915345	4.8310069225702	4.64634577205678	5.00826601858238	4.83826431664125	5.05769161700452	4.95428659494488	4.80046264450092	4.87426225440517	6.12183035724383	4.87426225440517	-19.5621980365158	-2.59125685841434
2.35756815502146	0.62430653526228	2.48378724863985	1.75370945873663	2.59884541664329	2.21677800254934	2.63368480876792	2.43762528548024	2.38839016335055	2.41202705512763	3.05219624830814	2.41202705512763	-20.2593111000887	-4.17517585356447
-0.749533663384946	-2.24233268648328	-0.592725742648909	-1.19309935667611	-0.595526926776442	-0.861693151659512	-0.6298152275255	-0.738738114229425	-0.701996466497377	-0.719609726079214	-1.81356856124094	-0.719609726079214	-9.80587664648727	-3.12981692600357
-3.15830740896702	-3.53842654233297	-3.11342864668539	-3.21855552693759	-3.17396645385393	-3.18876578365901	-3.19020361527636	-3.18933835466025	-3.12262928793959	-3.15464992584224	-3.61569783041907	-3.15464992584224	7.94077638051844	0.337186400649499
-2.03277961700251	-1.3163787483118	-1.99786229117168	-1.71230857943273	-2.002267957761	-1.86941621260775	-1.96486631664045	-1.91989960545915	-2.02507062590945	-1.97475508199177	-1.87443704473992	-1.97475508199177	-9.24027775643996	-3.71317717204131
0.0896852329380727	-1.4529122969689	-0.049703108943338	-0.567971037053641	-0.050596314777005	-0.281787895347288	-0.0764873840073893	-0.172954623810128	-0.0227054364819763	-0.0946591344295512	-0.48463040178465	-0.0946591344295512	9.73542907489127	2.6298004699447
-1.63424131358645	-0.0952716425513703	-1.44300428202278	-0.920409792855085	-1.43185244657665	-1.20093915544891	-1.42331945346328	-1.31874085468522	-1.54819740250397	-1.43834561469397	-1.8645840758319	-1.43834561469397	-11.9166171972934	-4.13525712198001
0.124037992684171	-1.59995071161339	-0.0448498750995718	-0.619254262895339	-0.0807595037306319	-0.321327446154346	-0.182169056131636	-0.247549918780008	0.0508499794186109	-0.0920532290521281	-0.957958249723695	-0.0920532290521281	18.5570297256073	5.04354937427053
3.56496065369384	4.61419879733406	3.68848692085716	3.9695376284418	3.67269451618855	3.79950433298533	3.63842613259849	3.71391012975505	3.61617604154668	3.66307036842751	3.10527950937316	3.66307036842751	-14.3729295484942	-1.7461020798502
0.354097501352361	-0.458110808355528	0.41226198178032	0.083662519411986	0.408481657781101	0.262661100532877	0.486213302195958	0.381142868292693	0.496152923471503	0.441087799618365	1.9318159441138	0.441087799618365	0.127029076011882	0.299435310279581
2.47518408457009	1.89811101451278	2.36197880072642	2.1513943465709	2.44912165776834	2.31215505235925	2.53730610708862	2.4313620527143	2.38167026630896	2.40552252959905	4.34876278447686	2.40552252959905	-3.98580347228215	0.349194585998136
3.21651316552199	2.44998287412488	3.39469026963503	2.98909696792964	3.41227471536192	3.21769044631042	3.35331240695116	3.28939681083344	3.40972230023873	3.35218343193905	2.38143419245955	3.35218343193905	12.3022371157221	5.3883312909131
-0.426836336718246	1.89103431187595	-0.433643562236208	0.432954817446503	-0.459201169481642	-0.05973359901543	-0.480758053620979	-0.282895553855011	-0.399220098686275	-0.34352473067392	-0.541360515784281	-0.34352473067392	30.8994015638424	8.18806419777625
1.69694496267585	4.55401479234201	1.85316410289897	2.82052700566317	1.85007517766715	2.28081326320666	1.88743854008829	2.07217349630542	1.86538786637252	1.96445451536461	2.00568988861227	1.96445451536461	7.1155279663052	3.14611577501562
6.18880941471224	5.73476323153236	6.45153073595733	6.08034463832056	6.48798246946971	6.29555477574293	6.51452505107869	6.41125132011972	6.47432373390968	6.44427236313625	7.22225738291038	6.44427236313625	-2.19593442868807	3.34942964668479
9.47848883420397	8.16762759706322	9.42393223654771	8.80257766478532	9.49885197112105	9.17249667649863	9.45443400319806	9.32139855076831	9.49468504598631	9.41194649165388	8.81090540985776	9.41194649165388	19.60349987571	11.0751236835644
6.44894745461676	9.14637361245088	6.34418868450711	7.27511620617022	6.42746454303949	6.79607945351801	6.39768833607865	6.58452727238879	6.27820151707079	6.42504282011281	5.88998487906068	6.42504282011281	3.01634426254125	4.70464586717063
4.22412438226395	4.95114666697629	4.38949674082315	4.52430586534691	4.40952823268865	4.45379899184422	4.32365067568288	4.38457107464965	4.45650262216355	4.4221697225262	3.26004604106339	4.4221697225262	21.7117207133496	8.62027622576664
1.98359078254876	4.93770678790336	2.04614416805684	3.08116972387105	2.05723487088969	2.51157311980808	1.98890936046194	2.23438552105951	2.04055738180196	2.13343976068927	1.30600801048256	2.13343976068927	12.1182282271066	4.60802953728018
-0.657253913385528	1.40352446587206	-0.4770198341575	0.225828382303775	-0.517659822695332	-0.18458803293159	-0.561143293410375	-0.384184744183518	-0.425434840493513	-0.405690789852928	-1.1783446832289	-0.405690789852928	12.1350965592471	3.05748040795649
-0.594404454716019	0.816883155208317	-0.374820969866818	0.0716874049668337	-0.430252295304534	-0.205270327893559	-0.489071814646208	-0.355696761506987	-0.363716809305242	-0.359885002003462	-1.39187622760826	-0.359885002003462	8.83507559036278	2.18528101234041
-2.41933126222255	-0.851151955521271	-2.27265220421611	-1.71008522227404	-2.36869707560725	-2.07063010390916	-2.45198442875225	-2.27264586235848	-2.21178860906396	-2.24097413606419	-3.66687906281254	-2.24097413606419	23.684762279073	5.03762277650763
-3.50815994598673	-0.477608357435647	-3.23352490111817	-2.16299521651196	-3.29209534338821	-2.78240904695323	-3.31213736801933	-3.06302799540556	-3.22900550729567	-3.14960094309562	-3.80756620255054	-3.14960094309562	3.21792631563335	-1.07027532434203
-0.166941064544283	-0.555721276869486	0.101698586364641	-0.142739114021603	0.0873072616193008	-0.0156212934395381	0.054502032827913	0.0215479301884633	0.0831333932375484	0.0536490267240547	-0.611749199958074	0.0536490267240547	11.9954178263167	3.2894816611202
5.66799765155396	5.42048380374197	5.75242804902114	5.53588136295067	5.81758852110564	5.68255890383505	5.82628776836962	5.75839751996078	5.74735720665971	5.75274670323261	5.98217479609406	5.75274670323261	-1.37786034657021	3.16899174009886
5.83314367678258	5.48776628870883	5.64261478969495	5.4932287753433	5.71925648999604	5.6092404780473	5.65996547945718	5.63580147829839	5.60213319380251	5.61834622116259	4.29087433309832	5.61834622116259	-3.22195890783943	2.56806929668269
-0.322486111928709	0.813442095946831	-0.321926252065595	0.10269657790774	-0.316546749857871	-0.128703867801491	-0.442698451092499	-0.295120789861557	-0.334857782821864	-0.315840317539315	-2.75134440398841	-0.315840317539315	3.179075325705	0.672264201428847
